{ 
    "_id" : ObjectId("604a9358ce07420154c7e5fc"), 
    "PK_iDantocID" : 1614285708689.0, 
    "sTenDantoc" : "Kinh", 
    "__v" : NumberInt(0)
}
{ 
    "_id" : ObjectId("604a9358ce07420154c7e5fd"), 
    "PK_iDantocID" : 1614285708688.0, 
    "sTenDantoc" : "Mường", 
    "__v" : NumberInt(0)
}
{ 
    "_id" : ObjectId("604a9358ce07420154c7e5fe"), 
    "PK_iDantocID" : 1614285708687.0, 
    "sTenDantoc" : "Thái", 
    "__v" : NumberInt(0)
}
{ 
    "_id" : ObjectId("604a9358ce07420154c7e5ff"), 
    "PK_iDantocID" : 1614285708686.0, 
    "sTenDantoc" : "Dao", 
    "__v" : NumberInt(0)
}
