{ 
    "_id" : ObjectId("60380b5985e0692dd9038314"), 
    "PK_iQuyenID" : NumberInt(1), 
    "sTenQuyen" : "Nhân viên", 
    "__v" : NumberInt(0)
}
{ 
    "_id" : ObjectId("60380b5985e0692dd9038315"), 
    "PK_iQuyenID" : NumberInt(2), 
    "sTenQuyen" : "Trưởng BP sale", 
    "__v" : NumberInt(0)
}
{ 
    "_id" : ObjectId("60380b5985e0692dd9038316"), 
    "PK_iQuyenID" : NumberInt(3), 
    "sTenQuyen" : "Trưởng BP hành chính - nhân sự", 
    "__v" : NumberInt(0)
}
{ 
    "_id" : ObjectId("60380b5985e0692dd9038317"), 
    "PK_iQuyenID" : NumberInt(4), 
    "sTenQuyen" : "Trưởng BP lương thưởng - phúc lợi", 
    "__v" : NumberInt(0)
}
