{ 
    "_id" : ObjectId("604e50f39c8b96835ba9ff97"), 
    "sMaNhanvien" : "CB3006", 
    "sHoten" : "Bùi Văn Hùng", 
    "dNgaysinh" : "1999-06-29T17:00:00.000Z", 
    "sNoisinh" : "Vĩnh Đồng, Kim Bôi, Hòa Bình", 
    "bGioitinh" : NumberInt(1), 
    "sNguyenquan" : "Vĩnh Đồng, Kim Bôi, Hòa Bình", 
    "sDiachi" : "Vĩnh Đồng, Kim Bôi, Hòa Bình", 
    "sDienthoai" : "0329-222-617", 
    "sEmail" : "bacdau0302@gmail.com", 
    "sCMND" : "113704072", 
    "dNgaycapCMND" : "2014-04-02T17:00:00.000Z", 
    "sNoicapCMND" : "CA Hòa Bình", 
    "sTrinhdoVanhoa" : "Đại Học", 
    "sMasothue" : "092812738972", 
    "FK_iDantocID" : "604a9358ce07420154c7e5fd", 
    "FK_iTongiaoID" : "604a93be7225a90170715e98", 
    "sMotaBanthan" : "", 
    "sDuongdanSoyeuLylich" : "", 
    "sDuongdanAnhdaidien" : "./assets/avatar/avatar_1615745267125_1615745267.1910477.png", 
    "PK_iNhanvienID" : NumberLong(1615745267125), 
    "PK_iNguoithemID" : "", 
    "sTen" : "Hùng"
}
