{ 
    "_id" : ObjectId("60380bd10e583f2e7036ab1a"), 
    "PK_iBophanID" : 1614285777577.0, 
    "iThutuBophan" : NumberInt(1), 
    "sTenBophan" : "BP tuyển dụng", 
    "__v" : NumberInt(0)
}
{ 
    "_id" : ObjectId("60380bd10e583f2e7036ab1b"), 
    "PK_iBophanID" : 1614285777578.0, 
    "iThutuBophan" : NumberInt(2), 
    "sTenBophan" : "BP lương thưởng và phúc lợi", 
    "__v" : NumberInt(0)
}
{ 
    "_id" : ObjectId("60380bd10e583f2e7036ab1c"), 
    "PK_iBophanID" : 1614285777579.0, 
    "iThutuBophan" : NumberInt(3), 
    "sTenBophan" : "BP hành chính", 
    "__v" : NumberInt(0)
}
{ 
    "_id" : ObjectId("60380bd10e583f2e7036ab1d"), 
    "PK_iBophanID" : 1614285777580.0, 
    "iThutuBophan" : NumberInt(4), 
    "sTenBophan" : "BP kế hoạch", 
    "__v" : NumberInt(0)
}
{ 
    "_id" : ObjectId("60380bd10e583f2e7036ab1e"), 
    "PK_iBophanID" : 1614285777581.0, 
    "iThutuBophan" : NumberInt(5), 
    "sTenBophan" : "BP kế toán", 
    "__v" : NumberInt(0)
}
{ 
    "_id" : ObjectId("60380bd10e583f2e7036ab1f"), 
    "PK_iBophanID" : 1614285777582.0, 
    "iThutuBophan" : NumberInt(6), 
    "sTenBophan" : "BP Marketing", 
    "__v" : NumberInt(0)
}
{ 
    "_id" : ObjectId("60380bd10e583f2e7036ab20"), 
    "PK_iBophanID" : 1614285777583.0, 
    "iThutuBophan" : NumberInt(7), 
    "sTenBophan" : "BP Sale", 
    "__v" : NumberInt(0)
}
{ 
    "_id" : ObjectId("60380bd10e583f2e7036ab21"), 
    "PK_iBophanID" : 1614285777584.0, 
    "iThutuBophan" : NumberInt(8), 
    "sTenBophan" : "BP kho", 
    "__v" : NumberInt(0)
}
{ 
    "_id" : ObjectId("60380bd10e583f2e7036ab22"), 
    "PK_iBophanID" : 1614285777585.0, 
    "iThutuBophan" : NumberInt(9), 
    "sTenBophan" : "BP chăm sóc khách hàng", 
    "__v" : NumberInt(0)
}
